1 (1).txt,Medium
1 (2).txt,Medium
1 (3).txt,Hard
1 (4).txt,Hard
1.txt,Hard
10 (1).txt,Easy
10 (2).txt,Medium
10 (3).txt,Hard
10.txt,Hard
11 (1).txt,Medium
11 (2).txt,Medium
11 (3).txt,Hard
11.txt,Medium
12 (1).txt,Medium
12 (2).txt,Easy
12 (3).txt,Hard
12.txt,Hard
12tables.txt,Easy
13 (1).txt,Medium
13 (2).txt,Medium
13 (3).txt,Hard
13.txt,Medium
14 (1).txt,Medium
14 (2).txt,Medium
14 (3).txt,Medium
14 (4).txt,Hard
14.txt,Hard
15 (1).txt,Medium
15 (2).txt,Easy
15 (3).txt,Medium
15 (4).txt,Hard
15.txt,Hard
16 (1).txt,Medium
16 (2).txt,Medium
16 (3).txt,Easy
16 (4).txt,Hard
16.txt,Hard
1644.txt,Medium
17 (1).txt,Medium
17 (2).txt,Easy
17 (3).txt,Hard
17.txt,Hard
18 (1).txt,Medium
18 (2).txt,Medium
18 (3).txt,Hard
18.txt,Medium
19 (1).txt,Medium
19 (2).txt,Easy
19 (3).txt,Hard
19.txt,Hard
2 (1).txt,Medium
2 (2).txt,Easy
2 (3).txt,Hard
2 (4).txt,Medium
2.txt,Hard
20 (1).txt,Medium
20 (2).txt,Easy
20 (3).txt,Hard
20.txt,Hard
21 (1).txt,Easy
21 (2).txt,Hard
21.txt,Hard
22 (1).txt,Medium
22 (2).txt,Hard
22.txt,Hard
23 (1).txt,Easy
23 (2).txt,Easy
23.txt,Hard
24 (1).txt,Medium
24.txt,Medium
25 (1).txt,Easy
25.txt,Hard
26 (1).txt,Easy
26.txt,Hard
27 (1).txt,Easy
27.txt,Hard
28 (1).txt,Easy
28.txt,Hard
29 (1).txt,Easy
29.txt,Hard
3 (1).txt,Medium
3 (2).txt,Medium
3 (3).txt,Hard
3 (4).txt,Medium
3.txt,Medium
30 (1).txt,Easy
30 (2).txt,Hard
30.txt,Hard
31 (1).txt,Medium
31.txt,Hard
32.txt,Easy
33.txt,Easy
34.txt,Easy
35.txt,Easy
36.txt,Easy
37.txt,Easy
38.txt,Medium
39.txt,Easy
4 (1).txt,Easy
4 (2).txt,Easy
4 (3).txt,Hard
4 (4).txt,Hard
4.txt,Medium
40.txt,Easy
41.txt,Easy
42.txt,Easy
43.txt,Medium
44.txt,Easy
5 (1).txt,Medium
5 (2).txt,Easy
5 (3).txt,Hard
5.txt,Medium
6 (1).txt,Medium
6 (2).txt,Medium
6 (3).txt,Hard
6.txt,Hard
7 (1).txt,Easy
7 (2).txt,Medium
7 (3).txt,Hard
7.txt,Hard
8 (1).txt,Medium
8 (2).txt,Medium
8 (3).txt,Hard
8.txt,Hard
9 (1).txt,Medium
9 (2).txt,Easy
9 (3).txt,Hard
9.txt,Hard
abbofloracensis.txt,Hard
acad.txt,Medium
achilleid1.txt,Hard
achilleid2.txt,Easy
acts.txt,Hard
adbrutum1.txt,Hard
adbrutum2.txt,Medium
adso.txt,Easy
aelii.txt,Medium
aelredus.txt,Hard
aen1.txt,Medium
aen10.txt,Medium
aen11.txt,Medium
aen12.txt,Medium
aen2.txt,Medium
aen3.txt,Medium
aen4.txt,Medium
aen5.txt,Medium
aen6.txt,Hard
aen7.txt,Medium
aen8.txt,Medium
aen9.txt,Medium
agnes.txt,Medium
alanus1.txt,Hard
alanus2.txt,Hard
albertanus.arsloquendi.txt,Medium
albertanus.liberconsol.txt,Hard
albertanus.sermo.txt,Medium
albertanus.sermo1.txt,Medium
albertanus.sermo2.txt,Medium
albertanus.sermo3.txt,Medium
albertanus.sermo4.txt,Easy
albertanus1.txt,Medium
albertanus2.txt,Hard
albertanus3.txt,Hard
albertanus4.txt,Hard
alex.txt,Hard
alexio.txt,Easy
alexsev.txt,Easy
alfonsi.disciplina.txt,Hard
ambro.txt,Easy
amic.txt,Hard
amos.txt,Easy
ampelius.txt,Medium
amphitruo.txt,Hard
anast.txt,Easy
andecavis.txt,Easy
andrea.txt,Medium
andreasbergoma.txt,Medium
andronicus.txt,Easy
angilbert.txt,Easy
anima.txt,Hard
annalesregnifrancorum.txt,Hard
annalesvedastini.txt,Medium
anon.deramis.txt,Easy
anon.martyrio.txt,Medium
anon.nev.txt,Medium
anselmepistula.txt,Easy
anselmproslogion.txt,Medium
ant (1).txt,Easy
ant.txt,Medium
antibarb.txt,Hard
apicius1.txt,Easy
apicius2.txt,Easy
apicius3.txt,Easy
apicius4.txt,Easy
apicius5.txt,Easy
appverg.aetna.txt,Medium
appverg.catalepton.txt,Medium
appverg.ciris.txt,Medium
appvergcomp.txt,Hard
appvergculex.txt,Medium
apuleius.apol.txt,Hard
apuleius.cupid.txt,Hard
apuleius.deosocratis.txt,Medium
apuleius.dog1.txt,Medium
apuleius.dog2.txt,Medium
apuleius.florida.txt,Hard
apuleius.mundo.txt,Medium
apuleius1.txt,Medium
apuleius10.txt,Hard
apuleius11.txt,Medium
apuleius2.txt,Medium
apuleius3.txt,Medium
apuleius4.txt,Medium
apuleius5.txt,Medium
apuleius6.txt,Medium
apuleius7.txt,Medium
apuleius8.txt,Medium
apuleius9.txt,Hard
aqua1.txt,Medium
aqua2.txt,Medium
arbroath.txt,Easy
arch.txt,Medium
archpoet.txt,Hard
arnulf.txt,Easy
arspoet.txt,Medium
asconius.txt,Hard
asinaria.txt,Hard
asserius.txt,Hard
att1.txt,Hard
att10.txt,Medium
att11.txt,Medium
att12.txt,Hard
att13.txt,Hard
att14.txt,Hard
att15.txt,Medium
att16.txt,Hard
att2.txt,Hard
att3.txt,Medium
att4.txt,Hard
att5.txt,Medium
att6.txt,Medium
att7.txt,Hard
att8.txt,Medium
att9.txt,Hard
aulularia.txt,Hard
aurel.txt,Hard
aus.mos.txt,Medium
aus.sept.sent.txt,Easy
ave.phoen.txt,Easy
avianus.txt,Medium
avid.txt,Medium
avienus.ora.txt,Medium
avienus.periegesis.txt,Medium
axio.txt,Medium
bacchides.txt,Hard
bacon.distributio.txt,Medium
bacon.epistola.txt,Easy
bacon.hist1.txt,Medium
bacon.hist10.txt,Medium
bacon.hist11.txt,Medium
bacon.hist2.txt,Medium
bacon.hist3.txt,Medium
bacon.hist4.txt,Medium
bacon.hist5.txt,Medium
bacon.hist6.txt,Medium
bacon.hist7.txt,Hard
bacon.hist8.txt,Medium
bacon.hist9.txt,Medium
bacon.intro.txt,Easy
bacon.liber1.txt,Hard
bacon.liber2.txt,Hard
bacon.praefatio.txt,Medium
bacon.praefatio2.txt,Easy
bacon.sermones.txt,Hard
bacon.titlepage.txt,Easy
balbo.txt,Medium
balbus.txt,Easy
balde1.txt,Easy
balde2.txt,Easy
baldo.txt,Hard
barometri.txt,Easy
baruch.txt,Medium
bc1.txt,Hard
bc2.txt,Medium
bc3.txt,Hard
bebel.txt,Hard
bede1.txt,Hard
bede2.txt,Hard
bede3.txt,Hard
bede4.txt,Hard
bede5.txt,Hard
bedecontinuatio.txt,Easy
bedepraef.txt,Easy
bedeproverbs.txt,Hard
bellafr.txt,Hard
ben1.txt,Medium
ben2.txt,Medium
ben3.txt,Medium
benedict.txt,Hard
berengar.txt,Medium
bernardcluny1.txt,Hard
bernardcluny2.txt,Hard
biggs.txt,Medium
bill.rights.txt,Easy
blas.txt,Easy
blesensis.txt,Medium
bonaventura.itinerarium.txt,Medium
boskovic.txt,Medium
brevechronicon.txt,Easy
brut.txt,Hard
buchanan.txt,Medium
bultelius1.txt,Easy
bultelius2.txt,Medium
burnett.txt,Easy
caecilium.txt,Medium
caeciliusbalbus.txt,Hard
caecina.txt,Medium
cael.txt,Hard
calpurniusflaccus.txt,Hard
calpurniussiculus.txt,Medium
campion.elegies.txt,Medium
campion.epigr1.txt,Hard
campion.epigr2.txt,Hard
campion.misc.txt,Easy
campion.plot1.txt,Hard
campion.plot2.txt,Medium
campion.thamesin.txt,Medium
campion.umbra.txt,Medium
capellanus1.txt,Hard
capellanus2.txt,Medium
capellanus3.txt,Medium
capitula.txt,Medium
captivi.txt,Hard
car.txt,Medium
carm.bur.txt,Easy
carm1.txt,Medium
carm2.txt,Medium
carm3.txt,Medium
carm4.txt,Medium
carmenarvale.txt,Easy
carmeninvictoriam.txt,Medium
carmensaliare.txt,Easy
carmina.txt,Easy
carmsaec.txt,Easy
carus.txt,Medium
cas.txt,Medium
cat1.txt,Medium
cat2.txt,Medium
cat3.txt,Medium
cat4.txt,Medium
catalogueliberien.txt,Easy
catechizandis.txt,Hard
cato.agri.txt,Medium
cato.dis.txt,Medium
cato.frag.txt,Medium
catullus.txt,Hard
cella.txt,Easy
celtis.odes.txt,Easy
celtis.oratio.txt,Medium
censorinus.txt,Hard
chris.txt,Easy
chronicles1.txt,Medium
chronicles2.txt,Hard
cinna.txt,Easy
cistellaria.txt,Medium
civ1.txt,Hard
civ10.txt,Hard
civ11.txt,Medium
civ12.txt,Medium
civ13.txt,Medium
civ14.txt,Medium
civ15.txt,Hard
civ16.txt,Hard
civ17.txt,Medium
civ18.txt,Hard
civ19.txt,Hard
civ2.txt,Hard
civ20.txt,Hard
civ21.txt,Hard
civ22.txt,Hard
civ3.txt,Hard
civ4.txt,Hard
civ5.txt,Hard
civ6.txt,Medium
civ7.txt,Hard
civ8.txt,Medium
civ9.txt,Medium
claud.inscr.txt,Easy
claud.txt,Medium
claudian.cons6.txt,Medium
claudian.olyb.txt,Medium
claudian.proserp1.txt,Medium
claudian.proserp2.txt,Medium
claudian.proserp3.txt,Medium
claudian.ruf1.txt,Medium
clitophon.txt,Easy
clod.txt,Medium
cluentio.txt,Hard
codex1.txt,Hard
codex10.txt,Hard
codex11.txt,Hard
codex12.txt,Hard
codex2.txt,Hard
codex3.txt,Hard
codex4.txt,Hard
codex5.txt,Hard
codex6.txt,Hard
codex7.txt,Hard
codex8.txt,Hard
codex9.txt,Hard
coll.txt,Easy
colman.txt,Easy
colossians.txt,Easy
columba1.txt,Medium
columba2.txt,Medium
columbus.txt,Medium
columella.arbor.txt,Medium
columella.rr1.txt,Hard
columella.rr10.txt,Medium
columella.rr11.txt,Medium
columella.rr12.txt,Hard
columella.rr2.txt,Medium
columella.rr3.txt,Hard
columella.rr4.txt,Medium
columella.rr5.txt,Medium
columella.rr6.txt,Hard
columella.rr7.txt,Medium
columella.rr8.txt,Medium
columella.rr9.txt,Medium
com.txt,Medium
comes.txt,Easy
commodianus1.txt,Medium
commodianus2.txt,Hard
commodianus3.txt,Easy
compet.txt,Medium
concilium1.txt,Medium
concilium2.txt,Easy
conf.txt,Hard
conf1.txt,Medium
conf10.txt,Hard
conf11.txt,Medium
conf12.txt,Medium
conf13.txt,Medium
conf2.txt,Medium
conf3.txt,Medium
conf4.txt,Medium
conf5.txt,Medium
conf6.txt,Medium
conf7.txt,Medium
conf8.txt,Hard
conf9.txt,Hard
conflictus.txt,Easy
consulatu.txt,Easy
contraioannem.txt,Hard
contro.txt,Easy
corinthians1.txt,Medium
corinthians2.txt,Medium
corpuschristi.txt,Easy
corvinus1.txt,Easy
corvinus2.txt,Easy
cotta.txt,Medium
creeds.txt,Easy
curculio.txt,Medium
curtius10.txt,Hard
curtius3.txt,Hard
curtius4.txt,Hard
curtius5.txt,Hard
curtius6.txt,Hard
curtius7.txt,Hard
curtius8.txt,Hard
curtius9.txt,Hard
daniel.txt,Medium
dares.txt,Medium
dares1.txt,Medium
deaeternitate.txt,Medium
debury.txt,Hard
declaratio.txt,Easy
decretum.txt,Easy
deio.txt,Medium
demort.txt,Hard
des.ep.txt,Easy
des.med1.txt,Easy
des.med2.txt,Easy
des.med3.txt,Easy
des.med4.txt,Easy
des.med5.txt,Easy
des.med6.txt,Medium
des.pr.txt,Easy
des.syn.txt,Easy
desummobono.txt,Easy
deuteronomy.txt,Hard
dia.txt,Medium
diad.txt,Medium
dialogus.txt,Hard
dicchristi.txt,Easy
dicquid.txt,Easy
didiul.txt,Medium
diesirae.txt,Easy
digest1.txt,Hard
digest10.txt,Medium
digest11.txt,Medium
digest12.txt,Medium
digest13.txt,Medium
digest14.txt,Medium
digest15.txt,Medium
digest16.txt,Medium
digest17.txt,Medium
digest18.txt,Medium
digest19.txt,Medium
digest2.txt,Hard
digest20.txt,Medium
digest21.txt,Medium
digest22.txt,Medium
digest23.txt,Medium
digest24.txt,Medium
digest25.txt,Medium
digest26.txt,Medium
digest27.txt,Medium
digest28.txt,Hard
digest29.txt,Medium
digest3.txt,Medium
digest30.txt,Medium
digest31.txt,Medium
digest32.txt,Medium
digest33.txt,Hard
digest34.txt,Medium
digest35.txt,Medium
digest36.txt,Medium
digest37.txt,Medium
digest38.txt,Hard
digest39.txt,Hard
digest4.txt,Hard
digest40.txt,Hard
digest41.txt,Medium
digest42.txt,Medium
digest43.txt,Hard
digest44.txt,Medium
digest45.txt,Medium
digest46.txt,Medium
digest47.txt,Hard
digest48.txt,Hard
digest49.txt,Hard
digest5.txt,Medium
digest50.txt,Hard
digest6.txt,Medium
digest7.txt,Medium
digest8.txt,Medium
digest9.txt,Medium
diravi.txt,Easy
divinatione1.txt,Hard
divinatione2.txt,Hard
divinst1.txt,Hard
domo.txt,Hard
don.txt,Easy
donation.txt,Medium
dulcesolum.txt,Easy
dumdiane.txt,Easy
dumdomus.txt,Easy
dumestas.txt,Easy
ebulo.txt,Hard
ec1 (1).txt,Easy
ec1.txt,Easy
ec10.txt,Easy
ec2.txt,Easy
ec3.txt,Easy
ec4.txt,Easy
ec5.txt,Easy
ec6.txt,Easy
ec7.txt,Easy
ec8.txt,Easy
ec9.txt,Easy
ecclesiastes.txt,Medium
egeria1.txt,Medium
egeria2.txt,Medium
ein.txt,Hard
ency.fides.txt,Hard
enn.txt,Easy
ennodius.txt,Medium
ente.txt,Easy
ep (1).txt,Hard
ep (2).txt,Medium
ep.priapismo.txt,Medium
ep.txt,Hard
ephesians.txt,Easy
epidicus.txt,Medium
epist (1).txt,Easy
epist (2).txt,Easy
epist.txt,Medium
epist1.txt,Hard
epist2.txt,Medium
epistaustras.txt,Medium
epistola (1).txt,Easy
epistola.txt,Medium
epistula.txt,Easy
epistulae.txt,Hard
epistvaria.txt,Hard
epitaphium.txt,Easy
epitaphs.txt,Medium
epitomecononiana.txt,Easy
epitomefeliciana.txt,Medium
erchempert.txt,Hard
esdras1.txt,Medium
esdras2.txt,Hard
estas.txt,Easy
esther.txt,Medium
eucherius.txt,Medium
eugenius.txt,Easy
eugippius.txt,Hard
eutropius1.txt,Medium
eutropius10.txt,Medium
eutropius2.txt,Medium
eutropius3.txt,Easy
eutropius4.txt,Medium
eutropius5.txt,Easy
eutropius6.txt,Medium
eutropius7.txt,Medium
eutropius8.txt,Medium
eutropius9.txt,Medium
exhortatio.txt,Easy
exivi.txt,Medium
exodus.txt,Hard
expositio.txt,Medium
ezekiel.txt,Hard
ezra.txt,Medium
fabe.txt,Medium
fabulae.txt,Easy
falcandus.txt,Hard
falcone.txt,Hard
fam1.txt,Hard
fam10.txt,Hard
fam11.txt,Medium
fam12.txt,Hard
fam13.txt,Medium
fam14.txt,Medium
fam15.txt,Hard
fam16.txt,Medium
fam2.txt,Medium
fam3.txt,Medium
fam4.txt,Hard
fam5.txt,Hard
fam6.txt,Hard
fam7.txt,Hard
fam8.txt,Medium
fam9.txt,Hard
fato.txt,Medium
ferraria.txt,Medium
ficino.txt,Medium
fide.txt,Medium
fin1.txt,Hard
fin2.txt,Hard
fin3.txt,Medium
fin4.txt,Medium
fin5.txt,Hard
firmus.txt,Medium
flacco.txt,Hard
fletcher.txt,Medium
florus1.txt,Hard
florus2.txt,Hard
foedusaeternum.txt,Easy
fonteio.txt,Medium
formula.txt,Medium
forsett1.txt,Medium
forsett2.txt,Medium
fortunat.txt,Easy
fragmentumlaurentianum.txt,Easy
fran.txt,Easy
fratrem1.txt,Hard
fratrem2.txt,Medium
fratrem3.txt,Medium
fredegarius.txt,Hard
frodebertus.txt,Easy
fronto.txt,Hard
fulbert.txt,Easy
fulgentius1.txt,Medium
fulgentius2.txt,Medium
fulgentius3.txt,Medium
fulgentius4.txt,Easy
fulgentius5.txt,Medium
gaius1.txt,Medium
gaius2.txt,Medium
gaius3.txt,Medium
gaius4.txt,Medium
galatians.txt,Easy
galileo.sid.txt,Medium
gall.txt,Medium
gall1.txt,Hard
gall2.txt,Medium
gall3.txt,Medium
gall4.txt,Medium
gall5.txt,Medium
gall6.txt,Medium
gall7.txt,Hard
gall8.txt,Medium
garcilaso.txt,Easy
garland.txt,Medium
gaud.txt,Easy
gauss.txt,Medium
gellius1.txt,Hard
gellius10.txt,Hard
gellius11.txt,Medium
gellius13.txt,Hard
gellius2.txt,Hard
gellius20.txt,Medium
gellius3.txt,Medium
gellius4.txt,Medium
gellius5.txt,Medium
gellius6.txt,Hard
gellius7.txt,Medium
gellius8.txt,Easy
gellius9.txt,Medium
gelliuscapitula.txt,Medium
gelliuspraef.txt,Easy
genesis.txt,Hard
geo1.txt,Medium
geo2.txt,Medium
geo3.txt,Medium
geo4.txt,Medium
georgio.txt,Easy
germanicus.txt,Medium
gestafrancorum1.txt,Easy
gestafrancorum10.txt,Medium
gestafrancorum2.txt,Easy
gestafrancorum3.txt,Easy
gestafrancorum4.txt,Easy
gestafrancorum5.txt,Easy
gestafrancorum6.txt,Easy
gestafrancorum7.txt,Easy
gestafrancorum8.txt,Easy
gestafrancorum9.txt,Medium
gestarom.txt,Hard
geta.txt,Easy
gioacchino.txt,Hard
godfrey.epigrammata.txt,Hard
godfrey.epigrammatahist.txt,Medium
gord.txt,Hard
grattius.txt,Medium
gravissimas.txt,Easy
greg.txt,Easy
gregdecretals1.txt,Hard
gregdecretals2.txt,Hard
gregdecretals3.txt,Hard
gregdecretals4.txt,Hard
gregdecretals5.txt,Hard
gregory7.txt,Hard
gregorytours1.txt,Hard
gregorytours10.txt,Hard
gregorytours2.txt,Hard
gregorytours3.txt,Medium
gregorytours4.txt,Hard
gregorytours5.txt,Hard
gregorytours6.txt,Hard
gregorytours7.txt,Hard
gregorytours8.txt,Hard
gregorytours9.txt,Hard
gwinne1.txt,Hard
gwinne2.txt,Medium
gwinne3.txt,Medium
gwinne4.txt,Hard
gwinne5.1.txt,Medium
gwinne5.2.txt,Medium
gwinne5.3.txt,Medium
gwinne5.4.txt,Medium
habakkuk.txt,Easy
hadr.txt,Medium
haggai.txt,Easy
halley.txt,Easy
hannes.txt,Easy
haruspicum.txt,Hard
hebet.txt,Easy
hebrews.txt,Medium
helio.txt,Medium
henry1.txt,Medium
henry2.txt,Easy
henry3.txt,Easy
henrysettimello.txt,Hard
hipp.txt,Medium
hisp.txt,Medium
hist.txt,Hard
hist1 (1).txt,Hard
hist1.txt,Hard
hist10.txt,Medium
hist11.txt,Medium
hist12.txt,Medium
hist2 (1).txt,Medium
hist2.txt,Hard
hist3 (1).txt,Medium
hist3.txt,Hard
hist4 (1).txt,Medium
hist4.txt,Hard
hist5 (1).txt,Medium
hist5.txt,Hard
hist6 (1).txt,Medium
hist6.txt,Hard
hist7.txt,Hard
hist8.txt,Medium
hist9.txt,Hard
histapoll.txt,Hard
histbrit.txt,Hard
historia (1).txt,Medium
historia.txt,Hard
histrom1.txt,Medium
histrom10.txt,Easy
histrom11.txt,Easy
histrom12.txt,Medium
histrom13.txt,Easy
histrom14.txt,Medium
histrom15.txt,Easy
histrom16.txt,Easy
histrom2.txt,Medium
histrom3.txt,Medium
histrom4.txt,Medium
histrom5.txt,Easy
histrom6.txt,Medium
histrom7.txt,Medium
histrom8.txt,Medium
histrom9.txt,Medium
holberg.txt,Hard
hosea.txt,Easy
hrabanus.txt,Easy
hugo.solo.txt,Medium
hugo1.txt,Medium
hugo2.txt,Medium
hugo3.txt,Medium
hugo4.txt,Medium
hugo5.txt,Medium
hugo6.txt,Medium
hydatiuschronicon.txt,Medium
hydatiusfasti.txt,Easy
hyginus1.txt,Easy
hyginus2.txt,Hard
hyginus3.txt,Easy
hyginus4.txt,Medium
hyginus5.txt,Hard
hyginus6.txt,Easy
hymni.txt,Easy
hymns.txt,Easy
iabervocius.txt,Easy
iacob.txt,Easy
iamdulcis.txt,Easy
ilias.txt,Medium
imp.txt,Medium
index.txt,Easy
indices.txt,Easy
innocent1.txt,Hard
innocent2.txt,Medium
inquisitio.txt,Easy
inscriptions.txt,Easy
inst.txt,Hard
institutes.proem.txt,Easy
institutes1.txt,Medium
institutes2.txt,Medium
institutes3.txt,Medium
institutes4.txt,Medium
inventione1.txt,Hard
inventione2.txt,Hard
iordanes1.txt,Hard
iordanes2.txt,Hard
ipsavivere.txt,Easy
ira.txt,Medium
isaiah.txt,Hard
iul.txt,Easy
iulianus1.txt,Hard
iulianus2.txt,Medium
james.txt,Medium
janus1.txt,Medium
janus2.txt,Easy
jeremiah.txt,Hard
jfkhonor.txt,Easy
job.txt,Hard
joel.txt,Easy
johannes.txt,Medium
john.txt,Medium
john1.txt,Easy
john2.txt,Easy
john3.txt,Easy
jonah.txt,Easy
joshua.txt,Medium
jud.txt,Easy
jude.txt,Easy
judges.txt,Hard
judith.txt,Medium
junillus.txt,Medium
kalila.txt,Hard
kempis1.txt,Medium
kempis2.txt,Medium
kempis3.txt,Hard
kempis4.txt,Medium
kings1.txt,Medium
kings2.txt,Medium
lamentations.txt,Medium
landor.1858.txt,Medium
landor1795.txt,Medium
landor1806.txt,Medium
landor1810.txt,Easy
laude (1).txt,Medium
laude.txt,Medium
leg1.txt,Medium
leg2.txt,Hard
leg3.txt,Medium
legagr1.txt,Medium
legagr2.txt,Hard
legagr3.txt,Easy
legenda.stephani.txt,Medium
leo1.txt,Medium
leo2.txt,Medium
leo3.txt,Medium
letabundus.txt,Easy
levis.txt,Easy
leviticus.txt,Medium
lhomond.historiae.txt,Medium
lhomond.viris.txt,Hard
liberpontificalis1.txt,Medium
lig.txt,Medium
lim.txt,Easy
liv.1.txt,Hard
liv.10.txt,Hard
liv.2.txt,Hard
liv.21.txt,Hard
liv.22.txt,Hard
liv.23.txt,Hard
liv.24.txt,Hard
liv.25.txt,Hard
liv.26.txt,Hard
liv.27.txt,Hard
liv.28.txt,Hard
liv.29.txt,Hard
liv.3.txt,Hard
liv.30.txt,Hard
liv.31.txt,Hard
liv.32.txt,Hard
liv.33.txt,Hard
liv.34.txt,Hard
liv.35.txt,Hard
liv.36.txt,Hard
liv.37.txt,Hard
liv.38.txt,Hard
liv.39.txt,Hard
liv.4.txt,Hard
liv.40.txt,Hard
liv.41.txt,Medium
liv.42.txt,Hard
liv.43.txt,Medium
liv.44.txt,Hard
liv.45.txt,Hard
liv.5.txt,Hard
liv.6.txt,Hard
liv.7.txt,Hard
liv.8.txt,Hard
liv.9.txt,Hard
liv.per.txt,Easy
liv.per1.txt,Easy
liv.per10.txt,Easy
liv.per100.txt,Easy
liv.per101.txt,Easy
liv.per102.txt,Easy
liv.per103.txt,Easy
liv.per104.txt,Easy
liv.per105.txt,Easy
liv.per106.txt,Easy
liv.per107.txt,Easy
liv.per108.txt,Easy
liv.per109.txt,Easy
liv.per11.txt,Easy
liv.per110.txt,Easy
liv.per111.txt,Easy
liv.per112.txt,Easy
liv.per113.txt,Easy
liv.per114.txt,Easy
liv.per115.txt,Easy
liv.per116.txt,Easy
liv.per117.txt,Easy
liv.per118.txt,Easy
liv.per119.txt,Easy
liv.per12.txt,Easy
liv.per120.txt,Easy
liv.per121.txt,Easy
liv.per122.txt,Easy
liv.per123.txt,Easy
liv.per124.txt,Easy
liv.per125.txt,Easy
liv.per126.txt,Easy
liv.per127.txt,Easy
liv.per128.txt,Easy
liv.per129.txt,Easy
liv.per13.txt,Easy
liv.per130.txt,Easy
liv.per131.txt,Easy
liv.per132.txt,Easy
liv.per133.txt,Easy
liv.per134.txt,Easy
liv.per135.txt,Easy
liv.per136-7.txt,Easy
liv.per138.txt,Easy
liv.per139.txt,Easy
liv.per14.txt,Easy
liv.per140.txt,Easy
liv.per141.txt,Easy
liv.per142.txt,Easy
liv.per15.txt,Easy
liv.per16.txt,Easy
liv.per17.txt,Easy
liv.per18.txt,Easy
liv.per19.txt,Easy
liv.per2.txt,Easy
liv.per20.txt,Easy
liv.per21.txt,Easy
liv.per22.txt,Easy
liv.per23.txt,Easy
liv.per24.txt,Easy
liv.per25.txt,Easy
liv.per26.txt,Easy
liv.per27.txt,Easy
liv.per28.txt,Easy
liv.per29.txt,Easy
liv.per3.txt,Easy
liv.per30.txt,Easy
liv.per31.txt,Easy
liv.per32.txt,Easy
liv.per33.txt,Easy
liv.per34.txt,Easy
liv.per35.txt,Easy
liv.per36.txt,Easy
liv.per37.txt,Easy
liv.per38.txt,Easy
liv.per39.txt,Easy
liv.per4.txt,Easy
liv.per40.txt,Easy
liv.per41.txt,Easy
liv.per42.txt,Easy
liv.per43.txt,Easy
liv.per44.txt,Easy
liv.per45.txt,Easy
liv.per46.txt,Easy
liv.per47.txt,Easy
liv.per48.txt,Easy
liv.per49.txt,Easy
liv.per5.txt,Easy
liv.per50.txt,Easy
liv.per51.txt,Easy
liv.per52.txt,Easy
liv.per53.txt,Easy
liv.per54.txt,Easy
liv.per55.txt,Easy
liv.per56.txt,Easy
liv.per57.txt,Easy
liv.per58.txt,Easy
liv.per59.txt,Easy
liv.per6.txt,Easy
liv.per60.txt,Easy
liv.per61.txt,Easy
liv.per62.txt,Easy
liv.per63.txt,Easy
liv.per64.txt,Easy
liv.per65.txt,Easy
liv.per66.txt,Easy
liv.per67.txt,Easy
liv.per68.txt,Easy
liv.per69.txt,Easy
liv.per7.txt,Easy
liv.per70.txt,Easy
liv.per71.txt,Easy
liv.per72.txt,Easy
liv.per73.txt,Easy
liv.per74.txt,Easy
liv.per75.txt,Easy
liv.per76.txt,Easy
liv.per77.txt,Easy
liv.per78.txt,Easy
liv.per79.txt,Easy
liv.per8.txt,Easy
liv.per80.txt,Easy
liv.per81.txt,Easy
liv.per82.txt,Easy
liv.per83.txt,Easy
liv.per84.txt,Easy
liv.per85.txt,Easy
liv.per86.txt,Easy
liv.per87.txt,Easy
liv.per88.txt,Easy
liv.per89.txt,Easy
liv.per9.txt,Easy
liv.per90.txt,Easy
liv.per91.txt,Easy
liv.per92.txt,Easy
liv.per93.txt,Easy
liv.per94.txt,Easy
liv.per95.txt,Easy
liv.per96.txt,Easy
liv.per97.txt,Easy
liv.per98.txt,Easy
liv.per99.txt,Easy
liv.pr.txt,Easy
lotichius.txt,Easy
luc.txt,Easy
lucan1.txt,Medium
lucan10.txt,Medium
lucan2.txt,Medium
lucan3.txt,Medium
lucan4.txt,Medium
lucan5.txt,Medium
lucan6.txt,Medium
lucan7.txt,Medium
lucan8.txt,Medium
lucan9.txt,Medium
lucernarium.txt,Easy
lucretius1.txt,Medium
lucretius2.txt,Medium
lucretius3.txt,Hard
lucretius4.txt,Hard
lucretius5.txt,Hard
lucretius6.txt,Medium
luke.txt,Hard
luscinia.txt,Easy
luther.95.txt,Easy
luther.lteramus.txt,Easy
luther.praef.txt,Medium
mac.txt,Medium
macabees1.txt,Hard
macabees2.txt,Hard
macarius.txt,Easy
macarius1.txt,Medium
machinae.txt,Easy
magnacarta.txt,Medium
maidstone.txt,Medium
malachias.txt,Easy
malaterra1.txt,Medium
malaterra2.txt,Hard
malaterra3.txt,Hard
malaterra4.txt,Hard
manasses.txt,Easy
manilius1.txt,Medium
manilius2.txt,Medium
manilius3.txt,Medium
manilius4.txt,Hard
manilius5.txt,Medium
mapps1.txt,Medium
mapps2.txt,Medium
marbodus.txt,Medium
marc (1).txt,Easy
marc.txt,Medium
marcant.txt,Medium
marcellinus1.txt,Medium
marcellinus2.txt,Medium
mariamag.txt,Easy
marina.txt,Easy
mark.txt,Medium
mart.spec.txt,Easy
mart1.txt,Hard
mart10.txt,Hard
mart11.txt,Hard
mart12.txt,Hard
mart13.txt,Medium
mart14.txt,Medium
mart2.txt,Medium
mart3.txt,Medium
mart4.txt,Medium
mart5.txt,Medium
mart6.txt,Medium
mart7.txt,Medium
mart8.txt,Medium
mart9.txt,Hard
marullo.txt,Easy
marx.txt,Easy
matthew.txt,Hard
max.txt,Medium
maxbal.txt,Medium
maximianus.txt,Medium
may1.txt,Medium
may2.txt,Medium
may3.txt,Medium
may4.txt,Medium
may5.txt,Medium
may6.txt,Medium
may7.txt,Medium
maytitle.txt,Easy
menaechmi.txt,Hard
mensoria.txt,Easy
mercator.txt,Hard
micah.txt,Medium
miles.txt,Hard
milo.txt,Hard
milton.quintnov.txt,Medium
minucius.txt,Hard
mir1.txt,Easy
mir2.txt,Easy
mir3.txt,Easy
mir4.txt,Easy
mir5.txt,Easy
mir6.txt,Easy
mir7.txt,Easy
mir8.txt,Easy
mir9.txt,Easy
mirabilia.txt,Medium
mirabilia1.txt,Medium
mon1.txt,Medium
mon2.txt,Medium
mon3.txt,Medium
montanus.txt,Easy
more.txt,Hard
moriae.txt,Hard
mostellaria.txt,Hard
murena.txt,Hard
musavenit.txt,Easy
musica.txt,Easy
mysteriis.txt,Medium
naevius.txt,Easy
nahum.txt,Easy
navagero.txt,Hard
nd1.txt,Hard
nd2.txt,Hard
nd3.txt,Hard
nehemiah.txt,Medium
nemesianus1.txt,Easy
nemesianus2.txt,Easy
nemesianus3.txt,Easy
nemesianus4.txt,Easy
nepos.age.txt,Medium
nepos.alc.txt,Medium
nepos.aris.txt,Easy
nepos.att.txt,Medium
nepos.cat.txt,Easy
nepos.cha.txt,Easy
nepos.cim.txt,Easy
nepos.con.txt,Easy
nepos.dat.txt,Medium
nepos.dion.txt,Medium
nepos.epam.txt,Medium
nepos.eum.txt,Medium
nepos.fragmenta.txt,Easy
nepos.ham.txt,Easy
nepos.han.txt,Medium
nepos.iph.txt,Easy
nepos.kings.txt,Easy
nepos.lys.txt,Easy
nepos.mil.txt,Medium
nepos.paus.txt,Easy
nepos.pel.txt,Easy
nepos.phoc.txt,Easy
nepos.pr.txt,Easy
nepos.them.txt,Medium
nepos.thras.txt,Easy
nepos.tim.txt,Easy
nepos.timo.txt,Easy
newton.capita.txt,Easy
newton.leges.txt,Easy
newton.regulae.txt,Easy
newton.scholium.txt,Easy
nic.txt,Medium
nithardus1.txt,Medium
nithardus2.txt,Medium
nithardus3.txt,Medium
nithardus4.txt,Medium
nivis.txt,Easy
nobilis.txt,Easy
notitia1.txt,Easy
notitia2.txt,Easy
novatian.txt,Hard
numbers.txt,Medium
obadiah.txt,Easy
obitu.txt,Easy
obsequens.txt,Medium
octavia.txt,Medium
off1.txt,Hard
off2.txt,Hard
off3.txt,Hard
omnegenus.txt,Easy
optgen.txt,Easy
oratio.stephani.txt,Easy
oratio.txt,Hard
orationes.txt,Medium
orator.txt,Hard
oratore1.txt,Hard
oratore2.txt,Hard
oratore3.txt,Hard
oresmius.txt,Medium
origo.txt,Easy
orosius1.txt,Medium
orosius2.txt,Hard
orosius3.txt,Hard
orosius4.txt,Hard
orosius5.txt,Hard
orosius6.txt,Hard
orosius7.txt,Hard
ovid.amor1.txt,Hard
ovid.amor2.txt,Hard
ovid.amor3.txt,Hard
ovid.artis1.txt,Hard
ovid.artis2.txt,Hard
ovid.artis3.txt,Medium
ovid.fasti1.txt,Hard
ovid.fasti2.txt,Hard
ovid.fasti3.txt,Hard
ovid.fasti4.txt,Hard
ovid.fasti5.txt,Hard
ovid.fasti6.txt,Hard
ovid.her1.txt,Easy
ovid.her10.txt,Easy
ovid.her11.txt,Easy
ovid.her12.txt,Medium
ovid.her13.txt,Medium
ovid.her14.txt,Easy
ovid.her15.txt,Medium
ovid.her16.txt,Medium
ovid.her17.txt,Medium
ovid.her18.txt,Medium
ovid.her19.txt,Medium
ovid.her2.txt,Easy
ovid.her20.txt,Medium
ovid.her21.txt,Medium
ovid.her3.txt,Medium
ovid.her4.txt,Easy
ovid.her5.txt,Easy
ovid.her6.txt,Easy
ovid.her7.txt,Medium
ovid.her8.txt,Easy
ovid.her9.txt,Easy
ovid.ibis.txt,Medium
ovid.met1.txt,Medium
ovid.met10.txt,Hard
ovid.met11.txt,Hard
ovid.met12.txt,Medium
ovid.met13.txt,Hard
ovid.met14.txt,Hard
ovid.met15.txt,Hard
ovid.met2.txt,Hard
ovid.met3.txt,Hard
ovid.met4.txt,Hard
ovid.met5.txt,Medium
ovid.met6.txt,Medium
ovid.met7.txt,Hard
ovid.met8.txt,Hard
ovid.met9.txt,Hard
ovid.ponto1.txt,Medium
ovid.ponto2.txt,Medium
ovid.ponto3.txt,Medium
ovid.ponto4.txt,Hard
ovid.rem.txt,Hard
ovid.tristia1.txt,Medium
ovid.tristia2.txt,Medium
ovid.tristia3.txt,Medium
ovid.tristia4.txt,Hard
ovid.tristia5.txt,Medium
owen.txt,Easy
p1.txt,Easy
paradoxa.txt,Medium
paris.txt,Easy
partitione.txt,Medium
pascha.txt,Easy
pascoli.catull.txt,Medium
pascoli.iug.txt,Easy
pascoli.laur.txt,Easy
pascoli.sen.txt,Easy
pascoli.veianius.txt,Easy
passerat.txt,Easy
pastourelles.txt,Easy
patricius1.txt,Easy
patricius2.txt,Easy
paulinus.ausonium.txt,Easy
paulinus.poemata.txt,Hard
paulo.txt,Easy
pax.txt,Easy
perp.txt,Medium
persa.txt,Medium
persius.txt,Medium
pert.txt,Medium
pervig.txt,Easy
pesc.txt,Medium
peter1.txt,Easy
peter2.txt,Easy
petrarch.ep1.txt,Easy
petrarch.numa.txt,Easy
petrarch.rom.txt,Medium
petrarchmedicus.txt,Hard
petronius1.txt,Hard
petroniusfrag.txt,Medium
phaedr1.txt,Medium
phaedr2.txt,Medium
phaedr3.txt,Medium
phaedr4.txt,Medium
phaedr5.txt,Easy
phaedrapp.txt,Medium
phil1.txt,Medium
phil10.txt,Medium
phil11.txt,Medium
phil12.txt,Medium
phil13.txt,Hard
phil14.txt,Medium
phil2.txt,Hard
phil3.txt,Medium
phil4.txt,Medium
phil5.txt,Medium
phil6.txt,Medium
phil7.txt,Medium
phil8.txt,Medium
phil9.txt,Medium
philemon.txt,Easy
philip.txt,Easy
piccolomini.carmen.txt,Easy
piccolomini.ep1.txt,Easy
piccolomini.ep2.txt,Easy
piccolomini.ep3.txt,Medium
piccolomini.ep4.txt,Medium
piccolomini.ep5.txt,Medium
piccolomini.ep6.txt,Easy
piccolomini.turcos.txt,Medium
piso.txt,Hard
plancio.txt,Hard
planctus.txt,Easy
pliny.ep1.txt,Hard
pliny.ep10.txt,Hard
pliny.ep2.txt,Hard
pliny.ep3.txt,Hard
pliny.ep4.txt,Hard
pliny.ep5.txt,Hard
pliny.ep6.txt,Hard
pliny.ep7.txt,Hard
pliny.ep8.txt,Hard
pliny.ep9.txt,Hard
pliny.nh1.txt,Medium
pliny.nh2.txt,Hard
pliny.nh3.txt,Medium
pliny.nh4.txt,Medium
pliny.nh5.txt,Medium
pliny.nhpr.txt,Medium
pliny.panegyricus.txt,Hard
poems.txt,Easy
poenulus.txt,Hard
poggio.txt,Hard
pomponius1.txt,Medium
pomponius2.txt,Medium
pomponius3.txt,Medium
pontano.txt,Easy
poree.txt,Hard
porphyrius.txt,Medium
postreditum.txt,Medium
postreditum2.txt,Medium
potatores.txt,Easy
praefatio.txt,Easy
praelium.txt,Easy
prataiam.txt,Easy
prec.terr.txt,Easy
precatio.txt,Easy
preface.txt,Easy
priapea.txt,Medium
princ.txt,Easy
probus.txt,Medium
professio.txt,Easy
prologi (1).txt,Easy
prologi.txt,Hard
prologus (1).txt,Easy
prologus.txt,Easy
prop2.txt,Hard
prop3.txt,Hard
prop4.txt,Medium
propertius1.txt,Medium
propos.txt,Easy
prosperus.epistola.txt,Medium
prosperus.rufinum.txt,Medium
prosperus.sententiae.txt,Hard
protospatarius.txt,Easy
prov.txt,Medium
proverbs.txt,Hard
prud.psycho.txt,Medium
prud1.txt,Easy
prud10.txt,Medium
prud11.txt,Medium
prud12.txt,Easy
prud13.txt,Easy
prud14.txt,Easy
prud2.txt,Medium
prud3.txt,Easy
prud4.txt,Easy
prud5.txt,Medium
prud6.txt,Easy
prud7.txt,Easy
prud8.txt,Easy
prud9.txt,Easy
psalms.txt,Hard
pseudolus.txt,Hard
psplato.amatores.txt,Medium
psplato.demodocus.txt,Easy
psplato.eryxias.txt,Medium
psplato.halcyon.txt,Easy
psplato.iusto.txt,Easy
psplato.minos.txt,Medium
psplato.sisyphus.txt,Easy
psplato.virtu.txt,Easy
pulchracomis.txt,Easy
q1.1.txt,Medium
q1.10.txt,Easy
q1.11.txt,Easy
q1.12.txt,Medium
q1.13.txt,Easy
q1.14.txt,Medium
q1.15.txt,Easy
q1.16.txt,Easy
q1.17.txt,Easy
q1.18.txt,Easy
q1.19.txt,Medium
q1.2.txt,Easy
q1.20.txt,Easy
q1.21.txt,Easy
q1.22.txt,Easy
q1.23.txt,Medium
q1.24.txt,Easy
q1.25.txt,Easy
q1.26.txt,Easy
q1.27.txt,Easy
q1.28.txt,Easy
q1.29.txt,Easy
q1.3.txt,Easy
q1.30.txt,Easy
q1.31.txt,Easy
q1.32.txt,Easy
q1.33.txt,Easy
q1.34.txt,Easy
q1.35.txt,Easy
q1.36.txt,Easy
q1.37.txt,Easy
q1.38.txt,Easy
q1.39.txt,Medium
q1.4.txt,Easy
q1.40.txt,Easy
q1.41.txt,Easy
q1.42.txt,Easy
q1.43.txt,Easy
q1.44.txt,Easy
q1.45.txt,Easy
q1.46.txt,Easy
q1.47.txt,Easy
q1.48.txt,Easy
q1.49.txt,Easy
q1.5.txt,Easy
q1.50.txt,Easy
q1.51.txt,Easy
q1.52.txt,Easy
q1.53.txt,Easy
q1.54.txt,Easy
q1.55.txt,Easy
q1.56.txt,Easy
q1.57.txt,Easy
q1.58.txt,Easy
q1.59.txt,Easy
q1.6.txt,Easy
q1.60.txt,Easy
q1.61.txt,Easy
q1.62.txt,Easy
q1.63.txt,Medium
q1.64.txt,Easy
q1.65.txt,Easy
q1.66.txt,Easy
q1.67.txt,Easy
q1.68.txt,Easy
q1.69.txt,Easy
q1.7.txt,Easy
q1.70.txt,Easy
q1.71.txt,Easy
q1.72.txt,Easy
q1.73.txt,Easy
q1.74.txt,Easy
q1.8.txt,Easy
q1.80.txt,Easy
q1.81.txt,Easy
q1.82.txt,Easy
q1.83.txt,Easy
q1.86.txt,Easy
q1.87.txt,Easy
q1.9.txt,Easy
quadragesima1.txt,Easy
quadragesima2.txt,Easy
qualitate.txt,Easy
querela.txt,Hard
quinc.txt,Medium
quintilian.decl.mai1.txt,Medium
quintilian.decl.mai10.txt,Medium
quintilian.decl.mai11.txt,Medium
quintilian.decl.mai12.txt,Hard
quintilian.decl.mai13.txt,Medium
quintilian.decl.mai14.txt,Medium
quintilian.decl.mai15.txt,Medium
quintilian.decl.mai16.txt,Medium
quintilian.decl.mai17.txt,Medium
quintilian.decl.mai18.txt,Medium
quintilian.decl.mai19.txt,Medium
quintilian.decl.mai2.txt,Medium
quintilian.decl.mai4.txt,Medium
quintilian.decl.mai5.txt,Medium
quintilian.decl.mai6.txt,Medium
quintilian.decl.mai7.txt,Medium
quintilian.decl.mai8.txt,Medium
quintilian.decl.mai9.txt,Medium
quintilian.institutio1.txt,Hard
quintilian.institutio10.txt,Hard
quintilian.institutio11.txt,Hard
quintilian.institutio12.txt,Hard
quintilian.institutio2.txt,Hard
quintilian.institutio3.txt,Hard
quintilian.institutio4.txt,Hard
quintilian.institutio5.txt,Hard
quintilian.institutio6.txt,Hard
quintilian.institutio7.txt,Hard
quintilian.institutio8.txt,Hard
quintilian.institutio9.txt,Hard
quum.txt,Easy
rabirio.txt,Medium
rabiriopost.txt,Medium
raoul.txt,Hard
rec.txt,Easy
reg.txt,Medium
regula.txt,Medium
repellenda.txt,Easy
reposianus.txt,Easy
repub1.txt,Hard
repub2.txt,Hard
repub3.txt,Medium
repub4.txt,Easy
repub5.txt,Easy
repub6.txt,Medium
resgestae.txt,Medium
resgestae1.txt,Medium
resurr.txt,Easy
revelation.txt,Medium
rhetores.txt,Easy
rhetorica.txt,Hard
richerus1.txt,Medium
richerus2.txt,Hard
richerus3.txt,Hard
richerus4.txt,Hard
rimbaud.txt,Easy
romans.txt,Medium
rosccom.txt,Medium
ruaeus.txt,Medium
rudens.txt,Hard
rumor.txt,Easy
rusticus.txt,Medium
ruth.txt,Medium
rutilius.txt,Hard
rutiliuslupus.txt,Medium
sabinus1.txt,Easy
sabinus2.txt,Easy
sabinus3.txt,Easy
sall.1.txt,Hard
sall.2.txt,Hard
sall.cotta.txt,Easy
sall.ep1.txt,Medium
sall.ep2.txt,Medium
sall.frag.txt,Hard
sall.invectiva.txt,Easy
sall.lep.txt,Easy
sall.macer.txt,Easy
sall.mithr.txt,Easy
sall.phil.txt,Easy
sall.pomp.txt,Easy
samuel1.txt,Medium
samuel2.txt,Hard
sannazaro1.txt,Hard
sannazaro2.txt,Easy
scaliger.txt,Easy
scauro.txt,Medium
scbaccanalibus.txt,Easy
scottus.txt,Easy
seb.txt,Easy
sedulius.solis.txt,Easy
sedulius1.txt,Medium
sedulius2.txt,Medium
sedulius3.txt,Medium
sedulius4.txt,Medium
sedulius5.txt,Medium
sen.agamemnon.txt,Medium
sen.apoc.txt,Medium
sen.brevita.txt,Hard
sen.clem.txt,Hard
sen.consolatione1.txt,Hard
sen.consolatione2.txt,Hard
sen.consolatione3.txt,Hard
sen.constantia.txt,Medium
sen.hercules.txt,Hard
sen.ira1.txt,Medium
sen.ira2.txt,Hard
sen.ira3.txt,Hard
sen.medea.txt,Medium
sen.oedipus.txt,Medium
sen.otio.txt,Medium
sen.phaedra.txt,Hard
sen.phoen.txt,Medium
sen.prov.txt,Medium
sen.proverbs.txt,Medium
sen.qn1.txt,Medium
sen.qn2.txt,Medium
sen.qn3.txt,Medium
sen.qn4.txt,Medium
sen.qn5.txt,Medium
sen.qn6.txt,Medium
sen.qn7.txt,Medium
sen.thyestes.txt,Medium
sen.tranq.txt,Hard
sen.vita.txt,Medium
seneca.contr1.txt,Hard
seneca.contr10.txt,Hard
seneca.contr2.txt,Hard
seneca.contr3.txt,Medium
seneca.contr4.txt,Medium
seneca.contr5.txt,Medium
seneca.contr6.txt,Medium
seneca.contr7.txt,Hard
seneca.contr8.txt,Medium
seneca.contr9.txt,Hard
seneca.ep1.txt,Hard
seneca.ep10.txt,Medium
seneca.ep11-13.txt,Hard
seneca.ep14-15.txt,Hard
seneca.ep16.txt,Medium
seneca.ep17-18.txt,Hard
seneca.ep19.txt,Hard
seneca.ep2.txt,Hard
seneca.ep20.txt,Hard
seneca.ep22.txt,Easy
seneca.ep3.txt,Hard
seneca.ep4.txt,Hard
seneca.ep5.txt,Hard
seneca.ep6.txt,Hard
seneca.ep7.txt,Hard
seneca.ep8.txt,Hard
seneca.ep9.txt,Hard
seneca.fragmenta.txt,Easy
seneca.suasoriae.txt,Hard
senectute.txt,Hard
sententiae.txt,Medium
sententiae1.txt,Hard
sententiae2.txt,Hard
sententiae3.txt,Hard
sepsev.txt,Medium
septem.txt,Easy
septsap.txt,Medium
sequentia.txt,Easy
serm1 (1).txt,Hard
serm1.txt,Easy
serm10.txt,Medium
serm11.txt,Easy
serm12.txt,Medium
serm13.txt,Easy
serm14.txt,Easy
serm15.txt,Easy
serm16.txt,Easy
serm17.txt,Easy
serm18.txt,Easy
serm19.txt,Easy
serm2 (1).txt,Hard
serm2.txt,Easy
serm20.txt,Easy
serm4.txt,Medium
serm5.txt,Medium
serm6.txt,Easy
serm7.txt,Easy
serm71.txt,Medium
serm72.txt,Easy
serm73.txt,Easy
serm74.txt,Easy
serm75.txt,Easy
serm76.txt,Easy
serm77.txt,Medium
serm78.txt,Easy
serm79.txt,Easy
serm8.txt,Medium
serm80.txt,Medium
serm81.txt,Medium
serm82.txt,Medium
serm83.txt,Easy
serm87.txt,Medium
serm88.txt,Medium
serm9.txt,Medium
serm90.txt,Medium
serm92.txt,Easy
serm95.txt,Easy
serm99.txt,Easy
sestio.txt,Hard
sex.rosc.txt,Hard
sicmeafata.txt,Easy
sidonius1.txt,Hard
sidonius2.txt,Hard
sidonius3.txt,Medium
sidonius4.txt,Hard
sidonius5.txt,Medium
sidonius6.txt,Medium
sidonius7.txt,Hard
sidonius8.txt,Hard
sidonius9.txt,Hard
sigebert.script.txt,Medium
sigebert.virgin.txt,Easy
sigebert.vitabrevior.txt,Easy
silius1.txt,Medium
silius10.txt,Medium
silius11.txt,Medium
silius12.txt,Medium
silius13.txt,Medium
silius14.txt,Medium
silius15.txt,Medium
silius16.txt,Medium
silius17.txt,Medium
silius2.txt,Medium
silius3.txt,Medium
silius4.txt,Medium
silius5.txt,Medium
silius6.txt,Medium
silius7.txt,Medium
silius8.txt,Medium
silius9.txt,Medium
silv.txt,Easy
silvae1.txt,Hard
silvae2.txt,Hard
silvae3.txt,Hard
silvae4.txt,Medium
silvae5.txt,Hard
simedignetur.txt,Easy
sirach.txt,Hard
smarius.txt,Easy
solet.txt,Easy
solinus1.txt,Hard
solinus1a.txt,Hard
solinus2.txt,Hard
solinus2a.txt,Hard
solinus3.txt,Hard
solinus3a.txt,Hard
solinus4.txt,Hard
solinus4a.txt,Hard
solinus5.txt,Hard
songofsongs.txt,Easy
sphaer.txt,Easy
spinoza.ethica1.txt,Medium
spinoza.ethica2.txt,Medium
spinoza.ethica3.txt,Medium
spinoza.ethica4.txt,Medium
spinoza.ethica5.txt,Medium
stichus.txt,Medium
strat1.txt,Medium
strat2.txt,Medium
strat3.txt,Medium
strat4.txt,Medium
strena.txt,Medium
suet.aug.txt,Hard
suet.caesar.txt,Hard
suet.cal.txt,Hard
suet.claudius.txt,Hard
suet.crispus.txt,Easy
suet.dom.txt,Medium
suet.galba.txt,Medium
suet.gram.txt,Medium
suet.horace.txt,Easy
suet.lucan.txt,Easy
suet.nero.txt,Hard
suet.otho.txt,Medium
suet.persius.txt,Easy
suet.pliny.txt,Easy
suet.rhet.txt,Medium
suet.terence.txt,Easy
suet.tib.txt,Hard
suet.tibullus.txt,Easy
suet.titus.txt,Medium
suet.vesp.txt,Medium
suet.virgil.txt,Medium
suet.vit.txt,Medium
sulla.txt,Hard
sulpicia.txt,Easy
sulpiciusseveruschron1.txt,Hard
sulpiciusseveruschron2.txt,Hard
sulpiciusseverusmartin.txt,Hard
superbia.txt,Easy
suscipeflos.txt,Easy
syrus.txt,Hard
tac.agri.txt,Hard
tac.ann1.txt,Hard
tac.ann11.txt,Medium
tac.ann12.txt,Hard
tac.ann13.txt,Hard
tac.ann14.txt,Hard
tac.ann15.txt,Hard
tac.ann16.txt,Medium
tac.ann2.txt,Hard
tac.ann3.txt,Hard
tac.ann4.txt,Hard
tac.ann5.txt,Easy
tac.ann6.txt,Hard
tac.dialogus.txt,Hard
tac.ger.txt,Hard
tac.hist1.txt,Hard
tac.hist2.txt,Hard
tac.hist3.txt,Hard
tac.hist4.txt,Hard
tac.hist5.txt,Medium
tacitus.txt,Medium
tempusest.txt,Easy
ter.adel.txt,Hard
ter.andria.txt,Hard
ter.eunuchus.txt,Hard
ter.heauton.txt,Hard
ter.hecyra.txt,Hard
ter.phormio.txt,Hard
terraiam.txt,Easy
tertullian.adsenatorem.txt,Easy
tertullian.anima.txt,Hard
tertullian.apol.txt,Hard
tertullian.baptismo.txt,Medium
tertullian.carne.txt,Medium
tertullian.castitatis.txt,Medium
tertullian.corona.txt,Medium
tertullian.cultu1.txt,Easy
tertullian.cultu2.txt,Medium
tertullian.deiudicio.txt,Medium
tertullian.fuga.txt,Medium
tertullian.genesis.txt,Easy
tertullian.gentium.txt,Easy
tertullian.haereses.txt,Medium
tertullian.herm.txt,Medium
tertullian.idololatria.txt,Medium
tertullian.ieiunio.txt,Medium
tertullian.iudaeos.txt,Hard
tertullian.marcionem1.txt,Medium
tertullian.marcionem2.txt,Hard
tertullian.marcionem3.txt,Medium
tertullian.marcionem4.txt,Hard
tertullian.marcionem5.txt,Hard
tertullian.martyres.txt,Medium
tertullian.monog.txt,Medium
tertullian.nationes1.txt,Hard
tertullian.nationes2.txt,Medium
tertullian.oratione.txt,Medium
tertullian.paen.txt,Medium
tertullian.pallio.txt,Medium
tertullian.patientia.txt,Medium
tertullian.praescrip.txt,Medium
tertullian.praxean.txt,Medium
tertullian.propheta.txt,Easy
tertullian.pudicitia.txt,Hard
tertullian.resurrectione.txt,Hard
tertullian.scapulam.txt,Easy
tertullian.scorpiace.txt,Medium
tertullian.spect.txt,Medium
tertullian.testimonia.txt,Medium
tertullian.uxor1.txt,Medium
tertullian.uxor2.txt,Medium
tertullian.valentinianos.txt,Medium
tertullian.virginibus.txt,Medium
testamentum.txt,Easy
tevigilans.txt,Easy
theb1.txt,Medium
theb10.txt,Medium
theb11.txt,Medium
theb12.txt,Medium
theb2.txt,Medium
theb3.txt,Medium
theb4.txt,Medium
theb5.txt,Medium
theb6.txt,Medium
theb7.txt,Medium
theb8.txt,Medium
theb9.txt,Medium
theganus.txt,Medium
theod01.txt,Medium
theod02.txt,Hard
theod03.txt,Medium
theod04.txt,Medium
theod05.txt,Medium
theod06.txt,Hard
theod07.txt,Hard
theod08.txt,Hard
theod09.txt,Hard
theod10.txt,Medium
theod11.txt,Hard
theod12.txt,Hard
theod13.txt,Medium
theod14.txt,Medium
theod15.txt,Medium
theod16.txt,Hard
theodolus.txt,Medium
theophanes.txt,Easy
thesauro.txt,Medium
thessalonians1.txt,Easy
thessalonians2.txt,Easy
thom.txt,Medium
thomasedessa.txt,Hard
tibullus1.txt,Hard
tibullus2.txt,Medium
tibullus3.txt,Medium
timothy1.txt,Easy
timothy2.txt,Easy
titum.txt,Easy
tobia.txt,Medium
topica.txt,Medium
trin1.txt,Medium
trin10.txt,Medium
trin11.txt,Medium
trin12.txt,Medium
trin13.txt,Medium
trin14.txt,Medium
trin15.txt,Medium
trin2.txt,Medium
trin3.txt,Medium
trin4.txt,Medium
trin5.txt,Medium
trin6.txt,Easy
trin7.txt,Medium
trin8.txt,Medium
trin9.txt,Medium
trina.txt,Easy
trinummus.txt,Hard
truculentus.txt,Hard
tunger.txt,Hard
tusc1.txt,Hard
tusc2.txt,Hard
tusc3.txt,Hard
tusc4.txt,Hard
tusc5.txt,Hard
val.txt,Easy
valeriusflaccus1.txt,Medium
valeriusflaccus2.txt,Medium
valeriusflaccus3.txt,Medium
valeriusflaccus4.txt,Medium
valeriusflaccus5.txt,Medium
valeriusflaccus6.txt,Medium
valeriusflaccus7.txt,Medium
valeriusflaccus8.txt,Medium
valesianus.txt,Easy
valesianus1.txt,Medium
valesianus2.txt,Medium
valmax1.txt,Hard
valmax2.txt,Hard
valmax3.txt,Hard
valmax4.txt,Hard
valmax5.txt,Hard
valmax6.txt,Hard
valmax7.txt,Hard
valmax8.txt,Hard
valmax9.txt,Hard
varia.praef.txt,Easy
varia1.txt,Hard
varia10.txt,Hard
varia11.txt,Hard
varia12.txt,Hard
varia2.txt,Hard
varia3.txt,Hard
varia4.txt,Hard
varia5.txt,Hard
varia6.txt,Hard
varia7.txt,Hard
varia8.txt,Hard
varia9.txt,Hard
varro.frag.txt,Easy
varro.ll10.txt,Medium
varro.ll5.txt,Hard
varro.ll6.txt,Medium
varro.ll7.txt,Medium
varro.ll8.txt,Medium
varro.ll9.txt,Medium
varro.rr1.txt,Hard
varro.rr2.txt,Hard
varro.rr3.txt,Hard
vatin.txt,Medium
vegetius1.txt,Medium
vegetius2.txt,Medium
vegetius3.txt,Medium
vegetius4.txt,Medium
vegius.txt,Medium
vell1.txt,Medium
vell2.txt,Hard
venantius.txt,Easy
ver1.txt,Medium
verres.2.1.txt,Hard
verres.2.2.txt,Hard
verres.2.3.txt,Hard
verres.2.4.txt,Hard
verres.2.5.txt,Hard
versus.txt,Easy
verus.txt,Medium
vestiunt.txt,Easy
vicentius.txt,Hard
vico.orat6.txt,Medium
victor.caes.txt,Hard
victor.caes2.txt,Hard
victor.ill.txt,Hard
victor.origio.txt,Medium
vida.txt,Medium
vidularia.txt,Easy
vin.txt,Easy
vir.txt,Easy
vitacaroli.txt,Hard
vitamalchus.txt,Medium
vitapauli.txt,Medium
vitruvius1.txt,Medium
vitruvius10.txt,Medium
vitruvius2.txt,Medium
vitruvius3.txt,Medium
vitruvius4.txt,Medium
vitruvius5.txt,Medium
vitruvius6.txt,Medium
vitruvius7.txt,Medium
vitruvius8.txt,Medium
vitruvius9.txt,Medium
volovirum.txt,Easy
vulgar.txt,Medium
vulgar2.txt,Medium
waardenburg.txt,Easy
waltarius1.txt,Medium
waltarius2.txt,Medium
waltarius3.txt,Medium
walter1.txt,Easy
walter10.txt,Easy
walter11.txt,Easy
walter12.txt,Easy
walter2.txt,Easy
walter3.txt,Medium
walter4.txt,Easy
walter5.txt,Easy
walter6.txt,Easy
walter7.txt,Easy
walter8.txt,Easy
walter9.txt,Easy
walton.txt,Medium
williamapulia.txt,Hard
wisdom.txt,Medium
withof.txt,Easy
withof1.txt,Easy
withof2.txt,Easy
withof3.txt,Easy
withof4.txt,Easy
withof5.txt,Easy
withof6.txt,Medium
withof7.txt,Medium
wmconchesdogma.txt,Hard
wmconchesphil.txt,Medium
xanten.txt,Medium
zacharias.txt,Medium
zephaniah.txt,Easy
zonaras.txt,Hard
